Word,Count,Noun,Verb,Letter,adjective,morphological,The,diacritic,Outcome
8e117a32510d41082681de68937befd3f564c349067ec55136e0cbfd08f477b8,4,1,0,0,0,2,0,2,0
b401e637ead22b50ca3012befa3c55901d2248781750edb463802662103a0e12,5,1,0,0,0,2,0,3,0
c2132540fedae6dba455d57553753448f7685171ac60dd64be0e691c16afff2c,5,1,0,0,0,2,0,1,0
f0993ec4ddf41ffe8b87ecd35fa09be5a7d56ab0424875a1e9c9002206793321,4,1,0,0,0,2,0,1,0
3fa07d2ebd61fb0384890778f359a7c873fc429d18a71bc6ad10f9fee2d080b3,4,1,0,0,0,2,0,1,0
50faa6a497e42d511ba571d20f5f1ceb122578eab3d7a756065298f19356fcda,5,1,0,0,0,2,0,1,0
6423ea67803e7caa19c41298bed41a265b9900e757ad3395b9f804a5305f94fb,2,3,0,0,0,2,0,1,0
244a9f5147173bd1a9be0053d4183daf092d9ab817a6c6dfc0bf39064bc25ad3,2,6,0,0,0,2,0,3,0
e54e0a389d25b651efec32f119e89f23e02cadb00b2ab34ed78aceebfef7fb15,2,3,0,0,0,2,0,3,0
8a6350153432a185ecd78404b8732fb34bc25efe61b65f3939481e46f46e9565,4,6,0,0,0,2,0,3,0
d2ee47ec7d0552ccb63459ef645de3e3c01449e2175bfd6c7113250f019e71d3,4,6,0,0,0,2,0,3,0
128ed0f7c9249594643e07505d32552b91f629ce0aa3f22a8680b77ff86cf49e,6,6,0,0,0,2,0,3,0
17a9f38e22b6672065c44ec7620a06edd76dbce9477ee74f2cf7734239c2993f,4,6,0,0,0,2,0,3,0
2f6fdef7d8a1e4190241efba8db6f45d8d93809bb750dc7f5aa619a4b713b82c,5,7,0,0,0,2,0,3,0
e416c08408d3e649104945edb82ff3125c8a22e1f5e241663f8a284d2ffe5479,5,6,0,0,0,2,0,3,0
98fcbf16cc64d8e6e9f40bd494b29a53e1c11a2b1842df3e3dc0aa28f46cfe54,5,6,0,0,0,2,0,2,0
ccf58d17ef4700a65a58a77d0552543e6a0a6792ead104fcaab407caf5904abe,5,6,0,0,0,2,0,2,0
aec17e2f7a418d8e358e48d819b07068906020cff205da9dec5a9144dc6a4863,5,6,0,0,0,2,0,2,0
32e65d8eaf588d4f742e6f0cf965e794f30f8e01f1d24ded08215ae30abd8b2f,5,6,0,0,0,2,0,2,0
f8ac19d897aa1101003c21210e4101b6cb44c678a35db882415b018386e36793,2,6,0,0,0,2,0,1,0
2fdd211020199da1cccbf9527adc9e74247b30f81b1f9915899fba4bb1c91390,4,1,0,0,0,2,0,1,0
1209e2f9eecef8d9bf5aabb076eeab36df5e82c3a48b68eb7bb51b6517ab899e,5,6,0,0,0,2,0,2,0
61e702330149bf404f3c4a146bc56d8eb927fad8fa5983adc190f12b74a90d36,4,6,0,0,0,2,0,1,0
3817bd91e8d6e8df6a1330df1fdca75f97745eb2155037a8dcb7024a270c4e04,6,8,0,0,0,2,0,3,0
0a864599c8d2b16bd3c924f64404e7d5011ffe1257f2e170ab930fbd064203d1,7,8,0,0,0,2,0,1,0
43a0446dd88216fdcb249c895fc7be8ea94977607c32e95e2a8de0b4b1cfc1d1,5,1,0,0,0,2,0,1,0
49ac265078d739e85e079980712ed1ff0dd36e6aad15a79cbef6d4f553b8ad86,7,1,0,0,0,2,0,2,0
efaa4274b94208be27ccc79546ad26ee35b60f5ddf39bfefc088b1306344d727,3,9,0,0,0,1,0,1,0
a0e7568a70ec992175c5f91b1e37fec02ed5c71f4ec6920797f7834dd080d143,5,6,0,0,0,6,0,1,0
6870fe4c28b5368f13b9faf5e03c68215e564da55f8c193ae3edb3af9a074081,5,6,0,0,0,6,0,1,0
437acc9f7f6a208ac550fe703008bf5e9586b54b85d2fcd46e325c1c9b80352f,3,2,0,0,0,1,0,2,1
cb8ea71541286d12e295e8f521f6ec69c6ee12cf5a16b0b4a961867cc19830cb,3,2,0,0,0,1,0,2,1
48f9de00482544208d04065b9d6c1debdee5866f6dfb73451f54e35d89515d5f,4,2,0,0,0,1,0,2,1
38af39738c20f9977522ad3b1228d2204d00dd044699922ae7bc09e873551670,4,2,0,0,0,1,0,3,1
9aac3741aa394e4f8664fb9b91b6ea4d5c3c921784fdd6b7cee5bd93c95a1275,5,2,0,0,0,1,0,2,1
ee97d9b12d4ac28f5866a8d5407833cb8869db68898f5ad7f333430e1a724ddc,5,2,0,0,0,1,0,2,1
550650d594e77ca645a044f14fbb10fb68677799850f66f42a043f19e739bc0a,6,2,0,0,0,1,0,2,1
d5583b5f5a879554f92475645a93794c1775029d4533536fbf3cc6c6e84e31cc,3,2,0,0,0,1,0,1,1
ad72bc1d3c4c6543aad95f919a8ceb5e7d198344640fbbc39e28cab389e12dd7,4,2,0,0,0,1,0,1,0
605aa5d0f51fd810c586f6788c29bd77405eaa1ee36a186dc5d70c0cf78cf271,3,0,0,1,0,2,0,2,0
c5deccd06ac2f27c6f22202f148e1985f8dd0d51db1b7a9a83b6fab272d24725,3,0,0,1,0,2,0,1,0
194bc6d18988c1dc0e8e7fd7e505aec6b811c8f8e4a99c1f95be605b0bbf4980,4,0,1,0,0,2,0,1,0
e319e574d936dce5e076f92d67beb7b217086812e401b8664f739264e20049c7,4,0,1,0,0,2,0,1,0
2553faf2d7c4285c0e8c83fcc1cc5045ae1410e59581ca876a9cc7a86ddd5a2c,2,0,0,1,0,1,0,1,0
97fe3fe5b0630302287817b5b01e9ccafd6f040285ab1d4d19f54311ce95d316,3,0,0,1,0,1,0,2,0
51da7d1118879412e004a9b210ccd0d178b252ebe44eb8dbc60b25bc69906be1,4,0,1,0,0,2,0,1,0
07d5f5f1416e54edcc8c795b2320a128e1042782f5c6b0d03e635d830a4b7fce,5,6,0,0,0,1,1,1,1
05ffa5ac86a3fe9c71cc73c0324b424f3443fb708bb36e0e9ecf65104377f5ed,7,6,0,0,0,1,1,1,1
6efb3b31bf4876f0c6db2935091795387f2c038fa8b8e942b65ef81d2685f2fc,6,6,0,0,0,1,1,1,1
8cea2fe6fbc4123e2ca30636b8e036a708b219044f4b0bbb01041f89f059471d,5,6,0,0,0,1,1,1,1
c33e088d0c95b6c612f9b7c0144e4e6aa40c1aebc497ff730fd405cccd84b631,6,6,0,0,0,1,1,1,1
8fcb1ff40d12a826ac412d1ffef60d0c150f25c2dc8da916ec63ebd1426cfdf7,5,6,0,0,0,1,1,1,1
ffa023c0dbe459306246ffec6599a7166500c1e23aa914b79cec4605679fb51d,3,6,0,0,0,1,1,1,1
ffc0fec4097f7788fb8e67e350157a50f0edb0144f80b6c01662d77e623f77ca,4,6,0,0,0,1,1,1,1
0ea233e1a478d313a0c66888d6b64c9d322703c4ce27fb26d8b059c1a24f50c0,4,6,0,0,0,1,1,1,1
45573bc6e230749628ba63ae15030c716951a030a840597d183e70b3edaf7523,7,6,0,0,0,1,1,1,1
a3a18dc9c6f19c8ff663f394eb3c5e48f8327d9ae25e98daced2398948720678,5,6,0,0,0,1,1,1,1
aa3b41cedbfc56db585b7dcccfcef3c9816002474e83af054729101586f6f04b,8,6,0,1,0,1,1,1,1
4bb24bdb4c25bf38d9d07476cd8c7fadbfdb467cc786e4eb6ea9731ac4b45337,3,0,0,0,0,1,0,2,0
519e7e53fa9f4d008d93b620b86fdf0badd3824b2b17330b86408bbb8536b47d,2,0,0,0,0,1,0,2,0
3290e5c3a1dc21096b73afa268b8dcf449b762bca215acde640be19a51cf845a,3,7,0,0,0,2,0,1,0
b2a4a69516365670ae3972d4b72a0e1bf63a034add33e97f904f159dc898b298,4,0,1,0,0,2,0,1,0
128002d1a13a09ea0bb2504143758c6da81b30de6fad011b3a409714cc2aa49f,4,0,3,0,0,2,0,1,0
36b0ac2b095843a3280eb511e567578cfad234d1613a24aa32d42ac19137229f,5,6,0,0,0,6,0,2,0
db99180bd7ebd71bcfaff5fea4849e874caf955680fe8043e3d3a09ff4ff10a3,4,0,1,0,0,2,0,1,0
6bc8ee0da6f96ca119c7b140462106078243ca1f89f0bfe3854f3f874bf3e7f3,4,0,3,0,0,2,0,1,0
6a59bedd923ee3a7ca7e951d592e260f4f05fef223c878f0ec66d6595730d208,5,6,0,0,0,6,0,2,0
fc49c2caddb8ca4685289aca170a8b9a67b0c2fa34203176a1374dbbfcc21739,4,0,1,0,0,2,0,1,0
2191f536abc8f3029a7af217e7ed2be18ad4fd0c2693861ff9150a3210eca3db,4,0,3,0,0,2,0,1,0
4685c1c62fa57b820cc54350e3e53832cefdb95262dd96e16d3fb24950595b3e,4,6,0,0,0,6,0,2,0
0dfa996662ba612054fca5fedb2f79f165f2fb872e9b1766a74947d1aa4150ab,4,0,1,0,0,2,0,1,0
0d05d91dc927b7fb3e8d68f83e546d061fb3b0acd5c2da939275947a812c9c13,4,0,3,0,0,2,0,1,0
1389ef85d0fbdcc8c6cd92329f3a7dc60e5b7d290dfe946cf675e3d1fe7541fa,5,6,0,0,0,6,0,2,0
39accd55043e8f49a9c59a663e315e79b01402dffd8310655827d861e89de004,5,6,0,0,0,6,0,1,0
9e0af7435c650ea58ff2f5556970225b159c51440b55338849ac9b7e0c0baf2f,5,6,0,0,0,6,0,1,0
576c00df7c0df2d609a2e53943b2fdbae5db2aa83d60d618017427aace9d9ad4,5,6,0,0,0,6,0,1,0
7bebb6596770dfe200b35f4146af085f194ad01cdebf235a6a55befbb9bb36e9,6,6,0,0,0,6,0,2,0
0c4073d3d49ffafc600882f3036e847eaaa67549800df3821a36d85429210c96,5,0,3,0,0,2,0,2,1
b6eea567844ea2065ba69c7426681f19b66f6a53faad21878639c7ab603be85f,4,0,3,0,0,2,0,2,1
1aa9c5a5ebfef69a48ac95f57b1e611aa1783368e2c7c46dd0e4c67bdb36c2ac,4,0,3,0,0,2,0,2,1
74e63d473c8cae865706e051e3261625f0235519f0b6bd868eb7789f0de72afd,4,0,3,0,0,2,0,2,1
4d6eb51171ec9f6272e94e3f56738bd6d288826693a7ff7c900f5bcf553ab78a,4,0,3,0,0,2,0,2,1
708b1e4ff0811bf1210d5463698570d26573f7a840f7bba0fb36e9e0d8459c81,4,0,3,0,0,2,0,2,1
dc9a12575488375c888de1d4cd827a3509e3464498ca88d20cb9c0cb671b8d31,4,0,3,0,0,2,0,2,1
3e807bcaa4ee4a4f0290d1118e29e6691e7e8329011383be693d80af4422a196,4,0,3,0,0,2,0,2,1
0c794f16338c871b75028f9343df6144b884e57e1537c24987b967c0f84cbab5,4,0,3,0,0,2,0,2,1
5c59787108a906e1969399774429d86f1fd065032dd53f28c47578ea91befeab,4,0,3,0,0,2,0,3,1
cf3a8fd3c64efc2d3ac9c53e3c8e88db1e7cbe2c026e7046eef46b77968ee47c,4,0,3,0,0,2,0,2,1
c4bc57ad98b9638aeebd112607b79836b27652bec22a053cd473625a9570c2f8,4,0,1,0,0,2,0,2,1
af3207541717b6ff1a36927c3605a4134d623fef0f05d68adfe65d1a33e629b4,3,0,1,0,0,1,0,1,1
d05f3f1cc990a09c8bf2700105ad4454dcc6e38844ed755341fe7cbccd90da5c,4,6,0,0,0,1,0,1,1
9c9063dd01ba9901ef7693764eb7efcddd4fe1f54e6c0f036f0e5985067ce5cd,3,0,1,0,0,7,0,1,1
28bf13009c17d97ac10bf19797cac12fc20de132e383d0c0fdaff5869aadf426,4,6,0,0,0,7,0,1,1
4f0d1de9a36801ee2135bfeabcb877f6b1234a19350b04f104ee2c5c22daf6ac,3,0,1,0,0,1,0,1,1
973a457cb9be4fd43b40ab06856b2f6a07c364875a96ab502146c0701c9488e0,4,6,0,0,0,6,0,1,1
5a434850d295b6bdff50f6ca63ba2f8bcee0b58b02e3d15d101d05eaaa9c42b8,4,0,3,0,0,2,0,1,1
63ecfad5d578b740541862c638b64405d24205c79ec0416b91f34cc4193fc81e,6,0,3,0,0,8,0,1,1
89bec2a8433e80bc74033170d53b9e0d26c46ef05e50e03d4d51e201476db64e,5,0,3,0,0,7,0,1,1
19be6293bc1b0329077c411daac8514d9213ad435706c9eebbe1d62deeba5c98,5,0,3,0,0,2,0,2,1
cc898b2362f4891b977a9bef39dd14f7b53196391405655a67bce081735920ee,7,6,0,0,0,1,1,1,1
afa99018fef9d645682388680bd9c9e861e377f0653eea03b4f4d801c2972b89,6,4,0,0,0,1,1,1,1
11a5e65ed42b0c952ef84eebb058226481b8033332c2264392e1b4803c217057,3,0,1,0,0,1,0,1,0
362ed1b97497adb902ea347acdf2accabc35bed71ec9d109613ebf59f5e0eb69,4,0,1,0,0,2,0,1,0
64d8e554bf7ccd24198bc85b2f7993f94c5ab6bdda32d561126062e98538380e,5,0,2,0,0,2,0,1,0
cb077ac8be13642e84cca7ad839308735ed805b55136d9ee9d3aecf74ad950ec,4,6,0,0,0,6,0,1,0
4f70c479b73043445b8fa0cecf4657f27dc0fd07371f849d5709c31db3dac944,5,6,0,0,0,6,0,1,0
f648c3a0fad7c0f0d64e67997469a9c74a59d468a69a31d2f8586eaab0746efb,3,6,0,0,0,2,0,1,0
a63b41379f9157b6b0d25f3319d367b020bbe85f6ec7fcd3e7f8e4021a279365,3,6,0,0,0,11,0,1,0
d7207b09d4a4d6a9da9a73dc9fe2b76be071eb1db62e9080923c3ea923bd57ea,3,6,0,0,0,11,0,1,0
ea8dee750819abb3a29cf545f6c5464f1f4a999ad87bb84795dd7f04d0a7b8db,4,6,0,0,0,11,0,1,0
dd988df90cef84eccf410b2b1a6896397bdcfb4e6431ce88331cc100537e4f3c,4,6,0,0,0,11,0,1,0
82ba273f8a44a0d55efba512ba7820d4ba6c43caf6394bd1b36d6d84dda38884,4,6,0,0,0,11,0,1,0
0059f5f27d2a983b879c4039c628f58d63c5da6ffa957652e197a6dacbc3abd6,5,0,1,0,0,7,0,2,1
eab80ba739131af707633ce62dda81189624b7e0c23184e4884ad2316ce093b1,5,0,3,0,0,7,0,2,1
88aa24abe317a7e68ae7106fcb7b589bf1e5de0d7994a6ed43a811cb6ec275aa,6,6,0,0,0,9,0,2,1
fa2b7c3512c3832f0d0ffb92a224878a484acbfe507df404b72da1bb57e82be7,5,0,1,0,0,7,0,2,1
44e8334fecd8bdcecfee09d0a5210c3b66078b018b8057e5a3b159fc709d9e07,5,0,0,0,0,7,0,2,1
739274bcbb767f4de62589c69ece7f01cbe213f6463a1348257f2301fe9781a4,6,6,0,0,0,4,0,2,1
fdc8717facf4d6761280275888369528132efbfd1e7e3c6613ece2fcb73cba2d,5,0,1,0,0,7,0,2,1
afaf349b6986ec5f09172692967a77e12fbfd4916265b3c41234ce2c41d18313,5,0,3,0,0,7,0,2,1
877be059634077b3177a2fdbe92140da93412569b2aee7d99d5a5292208ef1c7,6,6,0,0,0,4,0,2,1
eb382c3327a49a8af843354996c1d40045aeefbebf01c69f9ee550bc556670e6,5,0,1,0,0,7,0,2,1
ef284948c5d79f8a5b77d33692da397edd31b19373175986d58dc84bfffd457e,5,0,3,0,0,7,0,2,1
d33aa6ae91db3aada38302acdec4ae368a5e9d804ed7cf116b10caf40cf88072,5,6,0,0,0,4,0,2,1
9747ebc9708c60728d22900a60daa6b83fd8cc1e68a8c3c4ea0e379fa60d72ec,6,0,1,0,0,8,0,2,1
505f1861a8ff1d96c0ea094d8242fd513c5d938a675eba7f94b49a45b0bd694d,5,0,3,0,0,8,0,2,1
1d5dcbe038f4c92255540bd51875514b16697596fecbf1ab7a6262c8d654dfb0,7,6,0,0,0,8,0,2,1
7c0c64a80cd50fb2233cfcf8a9c1a7d78deb7657bab9ba0c4c99b47f278be244,6,0,1,0,0,8,0,2,1
c5068da65ce2dfefafa266f3dccc1f8fa6fdaf40a58f88fef078691b0ba90f5d,5,0,3,0,0,8,0,2,1
f744a452adbdda56b557418f846617bd0280a77a7206661bde9428bf4b7fb9d4,7,6,0,0,0,8,0,2,1
1519726fa7effb0d43299fdfae182cf565b0d614052b2a4b53ce4919886e0a97,6,0,1,0,0,8,0,2,1
be2c42a76485c64a417d88c659e7ce7b17d1365dcfeeef4e25704b8ff9df3168,6,0,3,0,0,8,0,2,1
c21e993968280d1b67f19d60c18fa5509e62f37840570ce81112dfa4323abe39,7,6,0,0,0,9,0,2,1
09c4321e8e345e6a736d0627dd95ff7f556cf54d2d6f39343cf4cf3b27ef26e9,5,0,1,0,0,1,0,2,1
8eff2ccc512d97795cc2b190f452bdd24c6f66b987abfb258f14e80626897816,5,0,3,0,0,7,0,2,1
68fdfcb37cb5cde4fe4e76f299bad3d66a6d5e66b0a7b39418b06b6755e2216c,7,6,0,0,0,4,0,2,1
713727d458e9cc077a3fb9b856c6123d28aac85f8b16bc9ae1c18f907cd2d8de,5,6,0,0,0,6,0,2,0
58d79c0d03a42b98d320bfed309eb3c9532853561d970b8204dc18bde566e638,7,6,0,0,0,9,0,2,0
4aa5b2519197ee81b99f5887ebfd9598b7277b7287784be1b2769a9b3d16fff1,4,1,0,0,0,6,0,2,0
6cb1bd7b4ac31400c9ed89365d15ac9ce16f14e670b2e0b6909436e7055b25b3,5,6,0,0,0,6,0,2,0
e516e5ab20dd0a7284c88b431ee0641d68b17e00bc250e4261287dfc19c5eb20,5,6,0,0,0,6,0,2,0
f0d493d7cef39570030a8d5a60c217e9ac88fde52f52b2698df6fc26dd0a18a8,5,1,0,0,0,6,0,2,0
1cabfb95a80e59e0f6ae6d3e03221b224e5f5eec5789074462e8c433716eb0bb,5,8,0,0,0,6,0,2,0
059223d2134af4a7a9f977596160cd11abc6fb55494bd5f08ddf58915d92551c,5,6,0,0,0,6,0,2,0
b9c5ac4c4fc6a9d57d7ec3dae045df582f0458db3b47f4dda683522311708754,5,6,0,0,0,6,0,2,0
c6494526264a4811ce926d95c066a9e22113094a16e66bdc7dc1b7e6e40657f5,5,1,0,0,0,6,0,2,0
06aff795c8c0077321287a55e6acb9d132ac572bed37909135824246707780d5,2,5,0,0,0,2,0,3,0
2fd690cca8407e74c71d1938e053662e331082a20b1ddd772685dc9f0df270e4,5,6,0,0,0,4,0,3,0
fa02760579bd7049825c7356e654b71ab4e112cf95e0c57b32dcd17c9fc6d91d,5,6,0,0,0,11,0,3,0
e813f700c97f0bdd82faedbe82fe652ed8e90cdd75ec2d0a783071d81a3c2a7b,3,0,0,0,0,1,0,1,0
2e4da610894d951a6029e5123fc510c31750993a97ec74f524f08b636be32817,4,6,0,0,0,2,0,3,0
1daefc7794f8c98f0d7c145a3397a671ceb8faf59378097f2708c9e0a7188851,6,6,0,0,0,4,0,3,0
1b31b30a69aaec0a31780fe2df1ce8e4de7ef6ac6f2a57bea98da1ba69528c26,5,0,2,0,0,6,0,3,0
e12c75705ab88be7b736a20147a3664f2b518b84ffc8ea7db1b52372565d3294,5,0,2,0,0,6,0,3,0
f1c4dc663fb05dffda29560671bc3f816cc7f88d2090992bfbfb9585e1c9bd29,5,0,2,0,0,6,0,3,0
23b61feab3c7f7f9a0dbc5678da0b48831996280663f5050b6c04442d5d6e6b4,6,6,0,0,0,5,0,3,0
9d2335532a80526146d51d5659c0f3e9e1b3fc3168ccabe6b9aa8cb8c5186ffa,5,6,0,0,0,5,0,3,0
265519719d11a7805ddb5d33cb2456c09a833616cc5a7496b4ede4d74bb858d2,4,5,0,0,0,2,0,4,0
37f7b4b7fb168fb1d48cf1261a4bcb3d9de21d92ff282738999e2666cf6fe2fd,4,1,0,0,0,6,0,4,0
ad9de71f58b2231ae342019229c2e003b442bc7edc7428f631cb3f84d6bfae63,4,6,0,0,0,6,0,4,0
94b090c738f7563a1924a5760d47595d38b2d4c97d71d2e6232983a2545b735f,4,6,0,0,0,6,0,4,0
d784c18fc525acc407de643676eb8b280a9f76d9066dbfbf2c36af6f0bf2e11a,3,6,0,0,0,6,0,4,0
ba37f6cbbd9ff9426916df15cb58ab5dbd1472ee4d06dadae1211a3bb88ab9f3,3,6,0,0,0,6,0,4,0
06ded6bbecb0c1f0c1f820871577e5b060426bc95e2aef1ae7ea0e7273dffeaf,4,6,0,0,0,6,0,4,0
58bc9a4f3b617f5a3c761b02dcd5e027118c26cc5ad99829feb1f3d41b520db7,4,6,0,0,0,6,0,4,0
f485b4df71dd053f5009fa79446f3ec2bad53ee10f657aa585bc37a5b42ceb19,4,6,0,0,0,6,0,4,0
54adef5eb3cdd90c6842585d4e4a50048344eb929e49603e72a2673727cc92d9,4,6,0,0,0,6,0,4,0
2fc23eae410499ee16044dc4580b447f419afd666bfb2b772efe2f3b93a5a4ff,3,0,1,0,0,6,0,4,0
857d5972343be2dd98e770472b93175d72d8b6fe08938612e87260d81c7408f1,3,6,0,0,0,6,0,4,0
5234999597cc0fd837c8f908ec7b8fc2626529a120c2a5dbd8ca12c34a811b9a,3,6,0,0,0,6,0,4,0
6686ecf1bb751201326ed2cdd8db7a10da485df0352e06b524e59a860455d2fa,4,0,3,0,0,2,0,3,1
5b7935a1bc5eafd71002fae649d1de085a1ebea31d88e03b232d49cb1fff491c,3,0,3,0,0,2,0,3,1
69f1d6879f4e454e2972ec966ab1d36ef8aa4c049c82649d17f77c007bec43af,4,0,3,0,0,6,0,2,1
34fd90ee169919afc53b7857c0121f56cb5dd84024e9b5c49cd213ba46591b51,4,0,3,0,0,2,0,2,1
e95f5fcadf35ac6de2e019b538d2811b7244fdaee6b89bb7c7837e43bccac98e,4,0,3,0,0,2,0,2,1
fbf3f4ee905adf66ebb0bee3dca3a48add76a98b829118b89f17e28ddef86437,4,0,3,0,0,2,0,2,1
222258aaaef0177c6690ffa525794298e6c8ec6a39a1dc00bd44b0989df6d533,4,0,3,0,0,2,0,2,1
a7f7127c92d36d2b2ee14981cfdf7bb279eae99a3e14b45ba05fe156fe04aa46,5,0,3,0,0,7,0,2,1
989db95283fa332b5244df7b597b598e014f9ab8f1727a2f6967534cd94f0701,5,0,3,0,0,7,0,2,1
2bf4b4201d748a33f7086b794c8a6a8958eaf6e425a8e37b300c5db694e979d9,5,0,3,0,0,7,0,2,1
7784a7145da05dbc02d89a056b6ab4fdb0da10340bd666e13d75804fe75c95f2,6,0,3,0,0,7,0,2,1
342bc363ce47477d239b177ce69759c5467b5773bad467551398df7a4561a073,6,0,3,0,0,8,0,2,1
b3516629d1f485588bb6c785075beae807663b9146fce9c0a5a225d250444939,6,6,0,0,0,9,0,2,1
fe9e47a66a54deaf4e280df9a8bc8ae1f8c17500e8947f6dbe774cb9b39a7cf7,6,0,1,0,0,8,0,2,1
ed37ba21e5333ddc1dff3f765729101fbd9af9b730903b8162b02de662ad88db,6,0,3,0,0,8,0,2,1
6aab4d9a01145cce3a2033932ba4db57fffda9c5d5694455f1013c6db3c82467,7,6,0,0,0,9,0,2,1
4ab6dabd1eb9901a73f898a31e7c52da77dc5d07b57ac1e0fb11fd2d6ef510f9,6,0,1,0,0,8,0,2,1
956fb67101d52282be771225521fd119dc3786de07bf92f15e93f20aef30e491,6,0,3,0,0,8,0,2,1
a2daebe2051bbbd824535440134ccef4b52bc748c5c250d6c60bcde4153edf8e,7,6,0,0,0,9,0,2,1
0cb0405a07bafe65624f6e975d2ddb8502ba95c06b1142e0987d4ebf4bf59d1b,5,0,3,0,0,7,0,2,1
9aee611c583a88706ec3d0488978d68d4a0a6aa1cd369cfe6a39cb5d6cd38cfd,5,0,3,0,0,7,0,2,1
3848a677f2a366f75489d5bb1e730168240b6456e59d5bb3ac3a89a217a6856d,5,0,3,0,0,7,0,2,1
737eacf962e5f4ce93488326520a918808b4b846cd5304cf526f0d34511711ad,5,0,3,0,0,7,0,2,1
30ee623f5d0e1ef90bfe61fb82aa36287300d33970e2f26b6c368f2b263c555f,5,0,3,0,0,7,0,2,1
e2098c3fabf0c09d3b11561705b17e2cb1c7f33a1c282f89f50c321809669e96,5,0,3,0,0,7,0,2,1
b9d43f1843ad7d61a23cc07d17144cf529e288b27cef743eeee019beec8530e5,5,0,3,0,0,7,0,2,1
1fc141997846c8e74ccbae634ba1a2259b0def5711011a4aa72b52bf98b6db23,5,0,3,0,0,7,0,2,1
9143e0e6569b9d187eaafbe41871f3fc4f54b3c8c672e77d429db5727562e5e9,5,0,3,0,0,7,0,2,1
41e3f9da152f671fc569bb6a134d53137544f9adf3516e6ac2b40af0c0a09d0e,5,0,3,0,0,7,0,2,1
9770a9ad4b6864212a956fe131a08b0ffc6c4d90b8e1b3938b5cbbf77fdce44b,5,0,3,0,0,7,0,2,1
fa03535f28ecb487f84d4d4c66a30eb9e4b6d61b75ad4b53e7186faabc99246d,5,0,3,0,0,7,0,2,1
bcc4dcfba9fe13560ebaad9ace5b4bf0e785564fe00a99e013848cec4928a487,5,0,3,0,0,7,0,2,1
5ff239a8615f1aca0621b191c7c9b6204dde2b26e10a8801e173a738276568a3,4,1,0,0,0,2,0,1,0
b5847ac66b11240c7ea20ea970a826ec945c7004d831f75ce31c610b2175c8e8,4,0,0,0,0,2,0,1,0
211933157c5e602a431d90bc37cfacb94a6b3ab5d6b113267609ac2fdfbc3297,4,0,1,0,0,2,0,1,0
b96b5bf54d4f72bbfedc0d09747ce7dab41c92ded279c2b9b20650bd12b42d52,4,0,1,0,0,2,0,1,0
87fb3b375b903da8d2b587c2694201790296f828ea60f9322883d350098fba0a,4,0,1,0,0,2,0,1,0
15f9254b1c92f48a4283e133e9fb1b881d3e0e8210a80fb991145533415492a5,4,0,1,0,0,2,0,1,0
2cde586b66d837acc074992adb182a8452a42f50b380e7cdccb80925032fe481,4,0,1,0,0,2,0,1,0
7caa8d6dc8c0c1630a94e5961f763c450be86ee9cb67642b4c0a1a4537aa8f57,4,0,1,0,0,2,0,1,0
4718ff19cfa52cbefa99c62991bfd59ff987d5988e05667f10d5be2f34d9e2a5,4,0,1,0,0,2,0,1,0
ce28272abb483629994e12b86de87f18e3ac764444288c75342a0819390a0f07,4,0,1,0,0,2,0,1,0
91edf8aa75a5c821915ff664f9f62e0177a3de6a16a41f54a045ed0b8ab2e8d9,4,0,0,1,0,2,0,2,0
949a08b846c65b81bdb07b03ec1add07b7ce41d265833c3ca7c5a27bea5596bb,5,6,0,0,0,6,0,2,0
8351abc91b754c4b5f7ecd0df69e172c3e62670f7c7be05384bde21181ed9abb,5,6,0,0,0,6,0,2,0
9f42c98baa00119d0a7e0b893ac8fc6ef4b07ba1537899d6748ed0484ef8c9a1,7,8,0,0,0,5,0,2,0
1e6feb1b4e7e2a8165e5f67a045b1ffdf1c96b9c24c44a582d4aa5085e0b7595,7,8,0,0,0,5,0,2,0
80b44ac8381428ebbc9d4919e076bbe90433d3764943101954558d2b4d13e262,5,6,0,0,0,6,0,2,0
c115673622549e692bf9b358c182ec2827fd1b547527e0503f59da7b47791a6d,5,6,0,0,0,6,0,2,0
022d7686026a8fd3e06e1eb0f16df0e5a493c4bed0df9966de32e464ff17b7a4,5,6,0,0,0,6,0,2,0
13fd5556d0ba614fcc88f71e62e7f369568f82fb2fb4fa8ea67761834ad2115a,5,6,0,0,0,6,0,1,0
a0e7568a70ec992175c5f91b1e37fec02ed5c71f4ec6920797f7834dd080d143,5,6,0,0,0,6,0,1,0
2fc97b278037d6e9267381127a7cf8990dffe8c0fdf96090040c6471ce0dbb7a,4,6,0,0,0,6,0,1,0
d635cd75badca538fab77aff59b14c769cbd9a9537d03f2d7e624287cc80a81a,5,6,0,0,0,6,0,1,0
d1c041f1d95b37bc1ce27870a74ab6a14d2817f699236e492b0653392ed2a7a6,5,6,0,0,0,6,0,1,0
45f4786a36892fe5bd8dd781702169322e83118d3f0132c8ccee9f0f7702b984,4,0,1,0,0,2,0,1,0
f18fca6792bf2628f60bea3f0b1f5c677acf123aa35b292fc01c1ab7681f38d9,4,6,0,0,0,2,0,1,0
0d9cbdb853138ea653be3f1e7e2e380a0448f952eaa34a36d3ada05cdfa7d002,4,6,0,0,0,2,0,1,0
6e14457204267a40a8bd2d978d0cf135bae35e866636bc73067ba333f434674f,6,6,0,0,0,5,0,3,0
eec49fa3624b75b875970a6b46635bc2c0bd1bedb890735f1ad419e81c9e10f1,5,6,0,0,0,5,0,1,0
a6aa15dc08ec4a63121e64678087d91d4fe5966d445e7f9dbdba5a10c8793d41,8,8,0,0,0,5,0,3,0
3626a2bf20770e23708898c4064b1a344a39652c431f71ce74e5d934de5d8d61,6,1,0,0,0,5,0,3,0
6f11e0bf2cfa10a9708cfaf70262da1314715962ecfd557a40b87e0fdf8b0dc4,3,1,0,0,0,6,0,1,0
069977bdaf5724109648cc95e6aaac1513c53e373aebbba1760a86b3766ea9d6,7,6,0,0,0,11,1,1,1
5eb3e4eea96cf6cd2b874c2e2c9fade0830050518ea9bfc62357797df567d51b,6,6,0,0,0,11,1,1,1
6bb2357945e58560b34e401ffb4b99447558059f16fdff5d09ed7db463199c7b,6,6,0,0,0,11,1,1,1
bfaebf1cba13d98746f5d9ed5093c9d6db90031d0ccfea9094be08875ec4827f,5,6,0,0,0,11,1,1,1
c52802dd762e8fa41910cb5b3624fa49f163a27cb1b9a446d6d6aed2b27147ef,6,6,0,0,0,11,1,1,1
7941038b5e526921a8ccda212042429be51ba9685aa47520fd422d6edf0291e4,6,6,0,0,0,11,1,1,1
5996116d258b4d32bb93ad759295773bb15db7abdc1a0a498bf8eb5578d03625,5,6,0,0,0,11,1,1,1
07e8a045ddb92c391c6fc0e4eb215f2bfe6ec73af0cda4dafb0358500be7f2ce,6,6,0,0,0,11,1,1,1
a2b0cd8c8af7fceb79938fbde6c591ffc1ab11d26537134d1b603b2a21537ea9,4,0,3,0,0,2,0,2,1
a8e44bf92d2216eb6fef5d45274b2021898794cebf59d0be264b6552b2dc73a4,4,0,3,0,0,2,0,2,1
b47a5075739976e0e16711ac566cff538d0bd8566cbc22d85a35a8b1e1aab6af,5,0,1,0,0,7,0,2,1
812c42303da55cc5e9346d055950cbc3eb4c200a2a24043c5fd4a38ba5ea6be6,5,0,3,0,0,7,0,2,1
9eb93133651a7ab862641b7fc0518e30bd206131e966647b49a47141e3c49315,6,6,0,0,0,4,0,2,1
7852ae966c040a334907cffcb590a76788de6172946180bf89850462906a8177,6,6,0,0,0,4,0,2,1
3c534bd6a7f730f8b27731ad24d674eee68df1df4c8673fa8b34a0b906b4b987,6,6,0,0,0,4,0,2,1
9b73c1381bdbf5639b1efc648237f26f523a3b1eb37ca0b16bc7d4e3c25e5857,5,0,1,0,0,7,0,2,1
ee376cd159241f2f9bc7002af9720403990771475a00d40e74d9460976aa1b71,5,0,3,0,0,7,0,2,1
ccacb74ec8a4f8f092ddec31c339e2baa67e82f417a46196df9869d0d75100ca,3,0,3,0,0,2,0,2,1
ded48a1868491d7507095349a88dfe4970f03321f9ce1e398ac09c2fa3cdf32a,6,0,3,0,0,8,0,2,1
ed94570f5b45a265e15198f9b0a7e46f9aa1e745780b2c04bda914ae5c305e39,7,3,0,0,0,9,0,2,1
80d07041fe1596bed0db5506c8a01272ac720c665b4af3504c3a814b01f3d3f4,6,0,1,0,0,8,0,2,1
cf6dfe5d7f2db828532ee8d651d7dd34b587b4b1aa54d879485d5df4bb7a0597,6,0,3,0,0,8,0,2,1
6df16147141f4b4ce38c198c18e789242fee263aa3d6f741d2e04e9f82e41114,7,6,0,0,0,9,0,2,1
71e964cc360f2a0334ccbfedfd10f249f25f16e84c6c0afe1722c4b70a7d3959,6,0,1,0,0,8,0,2,1
b9f2810f78b6d5fc28cecde78ac7c77ae1f0a21926565e129d7f1065f18f4cbf,6,0,3,0,0,8,0,2,1
6a081823722c79a144097327c5038fc43742b62a47a2d98b0226e36d402990b6,7,6,0,0,0,9,0,2,1
2e07d2ccd6d7ed24b35b58a49f319d9d5c865aa49f351d8c57b95dd1cefbeb14,6,0,1,0,0,8,0,2,1
a8091e637bdb0c5c68cfa0501e278547a3bd8f2a23a854981c022f24214094c2,6,0,3,0,0,8,0,2,1
7c172f1e01e6d5304308f42b097a6a0b029c83f98c06c26e08fbd0898f8f5144,6,6,0,0,0,9,0,2,1
207b55da20253775d0eda1d5a0d5ce72c689b637a42a68c26573c8201a6a115b,4,4,0,0,0,1,1,1,1
e79582acbfb5916595f7d7ce7ebda11886994cec248cf928467f762751beb607,4,4,0,0,0,1,1,1,1
b207605db6c350a4019f51bd461a155c2b5aac9d007d2081f3ef3e29154e9e1a,6,4,0,0,0,1,1,1,1
02c266687fa4241cb0f3a91edcc0a58db8e52c9079d454949c1ae317ed8b50ed,6,4,0,0,0,1,1,1,1
ff3e653fcaf7f110266a68ace817b6e1a0826c685ac5a531699c888170ec4747,5,4,0,0,0,1,1,1,1
18536f2f3b31493a10366452c0f9dd4b92d892917d614f575ca983270fe9668a,7,4,0,0,0,1,1,1,1
cea9f0198fb7fa96b020d43c359fac5c1317fdeb5aba30957429ebc29fb27c87,5,4,0,0,0,1,1,1,1
04d9f4724e4b24d57a9592c26abbc7ea379b6eb2ddb61d719df7e21dc11f4b94,4,0,1,0,0,2,0,1,0
c73dfdb3ad9149d811de35081f8290fc6b7930427d18feef39512bcdcfa2b0a6,3,0,3,0,0,2,0,1,0
0581c2dfb9d82cef6139b77e3af1bbe40eb86b5415d2125c6b2a8c88c75315a1,5,6,0,0,0,6,0,2,0
d9b5590bc1a7b260c73b1d8266f1c1030aefcfee126974eac749bbd27b3c4ba0,4,0,1,0,0,2,0,1,0
e92d390df5d05ba97f6f70e29116dc62b483ea00f47bfc2a2c8629fc75b2e82c,4,0,3,0,0,2,0,1,0
3e8f9b9cc74e2266b00b984f919407362e4627bde120d9fe08fa95e9cf5f08e9,5,6,0,0,0,6,0,2,0
8393cac77ed892910a1d3118de8ab2613d3f3a5342f7de639261020fb5c9b4bd,4,0,1,0,0,2,0,1,0
4fd9f0407f92ca54ee1271251786b26b3d190a5bd91287177bd944cb2a12e3f3,4,0,3,0,0,2,0,1,0
8b1e3b105d1e3da6f7355295bc85984a49f27e52f3012923b010fa2d197f7c50,5,6,0,0,0,6,0,2,0
43660591646882ed5e25a2261628c1ae8a7c1e304e0bbebc3f7e596f0e90327c,6,0,1,0,0,8,0,2,1
e8e15a01f36064d6d314f3cea6ae2e5ecad3abb5bed853e138575c1ba16b5cfe,5,0,3,0,0,8,0,2,1
7097b383f6ce2c9a1a1232df250186989a8a827b64c9dc7e8be3390983378595,7,6,0,0,0,9,0,2,1
307d31d15e9cefe2fa398ef6cd4e6268344f07c9f377a0adb14b577e33a8a764,5,0,1,0,0,8,0,2,1
1fa1c2b11449b5652a454b2c0d9f551a233143bb35f7459d8706bd1e26dfb20c,5,0,3,0,0,8,0,2,1
870a66d2451b3d599722e0aa3a5544422aea27a630e2edec7e8a4a97beda9e1a,6,6,0,0,0,9,0,2,1
707532692a4764a576b98e7d45c5d41e7e11dad680738ac0bb0477617c2e17f2,6,0,1,0,0,8,0,2,1
0070f70a2f6f5a46c64f6b694ecc37d7077799d1218165786fb98619f430f6d6,6,0,3,0,0,8,0,2,1
a1f4dfa90a1403d0bb84bcb5bf48b56e140b9e12dd7957d9b9404ca8d0f18001,7,6,0,0,0,9,0,2,1
83a471d99e8b7518a76bfcd4d0d4a42f5d28cf2ae05760a41f66aea3ede1f197,5,0,1,0,0,7,0,2,1
741dfa18ca5c80cf2758bb497f60f02cc216f05fca568c714eb9d99c85672ebd,5,0,3,0,0,7,0,2,1
eb3553b5df30d6e8d9d05888133f2201f32ac2f63b93afdc738acef3b251288a,6,6,0,0,0,4,0,2,1
f102d340db47ce981a8042654056fa9e350dc7626a18774d12759b6378ccd846,5,0,1,0,0,7,0,2,1
b732df76c583a3018079b3cc30853329402b58274b7f78ab2b25554f4e804614,5,0,3,0,0,7,0,2,1
b6a7d1bd71a575ac1e11d0584b5eaf8aa78701d790e716a25d1f0d749c1c95a4,6,6,0,0,0,4,0,2,1
9770a9ad4b6864212a956fe131a08b0ffc6c4d90b8e1b3938b5cbbf77fdce44b,5,0,1,0,0,7,0,2,1
ba0e7af0337711c36afb94711b97f12ac30da6f3fed20a4fc0e624aa88e93744,4,0,3,0,0,7,0,2,1
c130dd6ef068f8bf5bdf2c85b9aa0e8dd3012385a1bd20b8e9aaa3904732d164,6,6,0,0,0,4,0,2,1
8e8b730f23dbb25bb823354d207dea7667e13592cd0b7ff0177a496770fd6e1a,5,0,1,0,0,7,0,2,1
af67a692d6f1d7bfe96318b27dc372005d11e230b3217bbb896f343f6818edbc,5,0,3,0,0,7,0,2,1
c19bf736c21151d98ca9b178beb9fb910e0eda1999a88a431a0b118be0cdb77e,6,6,0,0,0,4,0,2,1
b603ae0ca4445c8a2775d975cf196109b0c7c4a053a7553c4fe31db82cbae710,5,0,1,0,0,7,0,2,1
7ef415742139d81057dab96241f33bb45aebd11ae7ecf0753e643e7fa1d37371,5,0,3,0,0,7,0,2,1
aa3a19897a7c81998037c80befd854bbcd4b283d063587903bd256d44a2af69a,6,6,0,0,1,10,0,2,1
63be92ba7f346d71d2d3b7bed2dfc7112754df58d62fcbb93e05eab083f53de0,4,1,0,0,0,2,0,1,0
7c4734c15ccc486cd5ad0439de1f061b4240062f5afe203be0afe9aa91d3eb19,5,6,0,0,0,5,0,1,1
2904830a4f42fc33383bc405db67b6b8b2cc25049ea93df55cd4ca2800a428de,5,6,0,0,0,6,0,1,0
3cf89eab65f8c3f48e9928e0fc265b481e0e6eddaeb50b4ce58f6f1cd705d04b,2,6,0,0,0,1,0,1,0
03636837060fde4499f8e342f9ee14f53e524da25ba9b1db20d96d83e59bbb33,4,6,0,0,0,2,0,2,0
f80ce920ce277f54fcac1cbf004402f5aeca7a48bd70091e260424241b05e19c,4,6,0,0,0,1,0,1,0
fc3126a3e42ac28b00d802090366cdc3c27f1354ca39d90e57b0a575c8a47025,4,1,0,0,0,6,0,2,0
766359ef474a1d32abe6e5f074c96b36239617ece2e138647987728982a819ba,4,0,1,0,0,2,0,1,0
25f0e9842af8f92e30532c02a17d3ca27e50c707374d54867d9c643af7bef4e7,4,6,0,0,0,2,0,1,0
c0b7f8d9d78e1be0f556f3359386c0b04b6f2428bd9c423fbd9bc52ee9ff1911,2,0,0,1,0,1,0,2,0
3d278a63ff49d322a91e51f3191a027458743828c1f620a66c504eeb73989fa8,2,0,0,1,0,1,0,2,0
661a568b46bcb7b24fe4232e3a201b14c1903b8c394db96f2a9eea9775509d42,2,0,0,1,0,1,0,1,0
9216dd4a2f0b1115ae30f8f99069e5f9f37ffcbfcab0a7a6c3b297959f06c712,2,0,0,1,0,1,0,1,0
f6ce6de14c7c4890e4d1cfb1b65f28857cc4b1aa97f1246b98dde123144569c6,3,0,0,1,0,1,0,2,0
3c47da0dfed6710c070c4756e22fa97bf70ed70f43d3fc94eef90903614b5a64,3,0,0,1,0,1,0,2,0
33020136b09709a26a90d4e6bc4bb9cac62770b526a3db36076f0605041ed453,3,0,0,1,0,1,0,1,0
9c4d2024c443c38161cb33030ee14a56f0888966a55c7821a6f75dc127e6e8fc,3,0,0,1,0,1,0,1,0
ab8979ef24fba94059e424d18202baa241b3ca4b3b99acb4bdbacd8e79388ea7,3,0,0,1,0,1,0,1,0
553ebeefb2bea9e18a18273240c31f3ac06a56d74850e1babed42369bded3827,6,0,0,0,1,5,1,1,0
5cf6489c8883d774e43b43217dae807bd451612e1bf15a115243a3933c24f8ee,5,6,0,0,0,2,1,1,0
e04a9eb38a0aa1dec451455016ff639e1fd39bf55de669eedd4896f6fbccce4f,5,6,0,0,0,2,1,1,0
6e931d8fc339c414d66964707ce3cb87b4abfc75f67600799e4e0e214ebcb7f8,4,0,1,0,0,2,0,1,0
1764c46aa0013249da3c2e99aef68a5c2983ad8165950af7f8267c58cea82b90,5,6,0,0,0,2,0,2,0
ebc531568a7393099a5b4ec89f8a718edb4db1980bab34b24d71726e4730c3c1,4,0,3,0,0,2,0,1,0
2f145a85a851975827a8f4545ce47181531b9eacbf784e1a2ccbf5803bcbdf18,4,0,1,0,0,2,0,1,0
713727d458e9cc077a3fb9b856c6123d28aac85f8b16bc9ae1c18f907cd2d8de,5,6,0,0,0,6,0,2,0
130fc936f5d1a2988b8752da9c13c1f961875d2e82a0677f39395bfa3b4a7308,4,0,3,0,0,2,0,1,0
cc9a4baef238a1c0c8fffc9faac969245e20c58fc1362ce68a661503dd5116f2,4,0,1,0,0,2,0,1,0
ccf58d17ef4700a65a58a77d0552543e6a0a6792ead104fcaab407caf5904abe,5,6,0,0,0,2,0,2,0
247a8020105e60e81078fb04d0f6f2f3b6f21c40e20675751995d88711e14c30,4,0,3,0,0,2,0,1,0
1decd1d97f1f7eda1f278ceb83f742105f9f9cc2dcc2fc78241c1fc3b305954b,4,0,1,0,0,2,0,1,0
bfc2bc2578bee0460fcb5ec04fb0cb66c0bc3db8f729b7f15a9d672ddc0bbdeb,5,6,0,0,0,6,0,2,0
7d8e07b5e2783458d97430fd8aeb8c27b68d7b61614552f402e8573ed5fb780a,3,0,3,0,0,2,0,1,0
58ca11502a723eed2bf6bd9e8fb6b67e711d61ca73b16a538a0880c6de9bae1c,4,0,1,0,0,8,0,1,0
3054d6b491cc986d0fe6f7c370ea8a6c9b9bd891ec0de7578049c32f283e6380,5,6,0,0,0,4,0,2,0
ef1aeb1b85db30faa3e9eb715bffcb5f55339f4b73ccad6b10855d28d028822d,3,0,3,0,0,2,0,1,0
cb2d7818806c86840451e661734fa6d4fe7cb6851d42ebcfce1bd772a51ee14d,4,0,1,0,0,7,0,1,0
901c205abe1bdba54876c5d7630164855bdce609ed94407694e13589e0ef3961,5,6,0,0,0,4,0,2,0
9427d14549bd9d3e3e81daaffd46ed91ff1f3a08d158062495215372de3754d0,3,0,3,0,0,2,0,1,0
1b5213bc4519fe3fc78697af959a8c90b57333f08561c905bf03e686b4d30f5a,4,0,1,0,0,2,0,1,0
27813f1a76756c0e8f683b6557ad249b685f5156371e16005bc7e12f3b32ea69,5,6,0,0,0,6,0,2,0
49cb5e4f510da8701e4ed7565e4719a2448d5658d14bba3e05cd2309be742300,4,0,3,0,0,2,0,2,1
42bffcfc7e5f7ef1007f5f9c65dd22e2aa6a93c2238f3bb42254188141e5d053,4,0,3,0,0,2,0,3,1
e4380ae29a16a701689848bfe3931b2a303fb09f41b23144db47f0e3b0a343e9,4,0,3,0,0,2,0,3,1
efc6d18055d9936a8dbf069d34cac955de3f124c3b47e1d30876dc067577a5d9,4,6,0,0,0,1,1,1,1
876ac9814e69314916486beee54040b586cb01b3444d7e9e39135a9e551bc28f,7,0,1,0,0,8,0,2,1
5b527c5c95f1a4d79d1452bae4e7d741caf107b61f9544f94acaadd54d33b671,8,6,0,0,0,5,1,1,1
d49c8e77944a3b7febb97f116ffa6b181f3ce3eec64e4b2620d73c31386f2511,6,0,3,0,0,2,0,3,1
ab71f331ae6ecf184ab85e91d317f3c5217781798733089801d0e6dfe565ad01,7,6,0,0,0,4,1,1,1
04b94e440ec19ec26f6d5cb366a2739f353c7e4bb5dbb862a99054ba80648eac,4,6,0,0,0,1,0,1,0
7fc2f03c944ac8d83ba20143c892c707ddd14a3444408744124ef15837233db3,4,6,0,0,0,1,0,1,0
ed098249d4d363df1ebcd0cdebb7f8c25a05f36fbcf62f8d3d84f1ac2bc3a2aa,5,0,3,0,0,2,0,1,0
2662feb256fb01f9ea478d64363ce2f8025a499bd5da081b1efa4a0ce0d23f3b,3,6,0,0,0,1,0,2,0
c1103081c568e31cd71f31607da98394eb1306d9165a975329b4e35021819e1e,5,0,1,0,0,2,0,3,0
ab8dea3848f7741fc2d8fd493620d31ad40c6416bea9f338e00bfa420e8976a0,4,6,0,0,0,2,1,1,0
55ef0dda91100a23fde0e1d91982b71631c001fc9f0932625f18510c67029cc7,5,6,0,0,0,6,0,1,0
012997a7261826f442eba361edbeb1f0108bcdc1b56b02cde8522ce642586c59,3,0,3,0,0,2,0,1,0
ec827324e1c616c702aa01c77e7873dccaf2ee25d3f009254946fbe6e8f827a3,4,0,1,0,0,2,0,1,0
19ae6ac1484801b5d8a280000aa723bcd10da7966e1c609b4ed74ffd2496528d,4,0,3,0,0,2,0,1,0
4b3038e79f620ffb47412a7cb4091af4d2e3acde88573d0b522fbd9013a16583,4,0,0,0,1,2,0,1,0
e465b09625e6b463269545a3f6b8265c22b4a546564746be77fd79c3f7533848,4,0,0,0,1,2,0,1,0
0c8f94f345c4a4e6c3dfe79c09b5dc8a3b8ca1e11b67a5f386a7c3b9888bde6d,4,0,0,0,1,2,0,1,0
7896a26c7f6a36b4ea55df7f0cc188a6ed05e48023e9a0384b8da26a83fb4d0a,4,0,0,0,1,2,0,1,0
b5847ac66b11240c7ea20ea970a826ec945c7004d831f75ce31c610b2175c8e8,4,0,0,0,1,2,0,1,0
eeff079105d954e98dc4b6bd8b8e32a68b087916bf8592791facd8d9bdd21771,4,0,0,0,1,2,0,1,0
fcdba3cf885cd9b2c66ffd1901fdf1b61b68abf7e1a63f06d7dafb2968d4db70,4,0,0,0,1,2,0,1,0
2822596a9ac959bfc96aa340f21afa229b36c90519d9ace6690303374b534a47,4,0,0,0,1,2,0,1,0
2a722a6b0021f4806713fb75cb9db8e6b070943d8f275c3a54fbca2df684f831,4,0,0,0,1,2,0,1,0
fd3c2a5c44605041a38b548a6b9c9febb58b9aa730a66479efd4c01d4727fdcd,4,5,0,0,1,2,0,1,0
361c39212c58502882ea5e053143ecff7601344241a2dbafb26c8b41a95015ce,3,5,0,0,0,1,0,2,0
42bce38dbdd06fbcf6160676d26b2930bba39257f798c84759ddf44c06274b89,4,5,0,0,0,1,0,2,0
6cdb0f2fed6538524c382826bf80dd166c67a4992f10f649db827e261f5bd6ae,5,5,0,0,0,1,0,1,0
ca275a27a116ff0e38aa5826c53e6c69bf57a3ee839b2630bd243eef7b28afaf,2,5,0,0,0,1,0,1,0
8fe1ca77fcae9c127ec564803dfbb5948331f1ab697b99aed54b80a6403beafa,4,5,0,0,0,1,0,1,0
,,,,,,,,,
,,,,,,,,,
,,,,,,,,,
,,,,,,,,,
,,,,,,,,,
,,,,,,,,,
,,,,,,,,,
,,,,,,,,,
,,,,,,,,,
,,,,,,,,,
,,,,,,,,,
,,,,,,,,,
,,,,,,,,,
,,,,,,,,,
,,,,,,,,,
,,,,,,,,,
,,,,,,,,,
,,,,,,,,,
,,,,,,,,,
,,,,,,,,,
,,,,,,,,,
,,,,,,,,,
,,,,,,,,,
,,,,,,,,,
,,,,,,,,,
,,,,,,,,,
,,,,,,,,,
,,,,,,,,,
,,,,,,,,,
,,,,,,,,,
,,,,,,,,,
,,,,,,,,,
,,,,,,,,,
,,,,,,,,,
,,,,,,,,,
,,,,,,,,,
,,,,,,,,,
,,,,,,,,,
,,,,,,,,,
,,,,,,,,,
,,,,,,,,,
,,,,,,,,,
,,,,,,,,,
,,,,,,,,,
,,,,,,,,,
,,,,,,,,,
,,,,,,,,,
,,,,,,,,,
,,,,,,,,,
,,,,,,,,,
,,,,,,,,,
,,,,,,,,,
,,,,,,,,,
,,,,,,,,,
,,,,,,,,,
,,,,,,,,,
,,,,,,,,,
,,,,,,,,,
,,,,,,,,,
,,,,,,,,,
,,,,,,,,,
,,,,,,,,,
,,,,,,,,,
,,,,,,,,,
,,,,,,,,,
,,,,,,,,,
,,,,,,,,,
,,,,,,,,,
,,,,,,,,,
,,,,,,,,,
,,,,,,,,,
,,,,,,,,,
,,,,,,,,,
,,,,,,,,,
,,,,,,,,,
,,,,,,,,,
,,,,,,,,,
,,,,,,,,,
,,,,,,,,,
,,,,,,,,,
,,,,,,,,,
,,,,,,,,,
,,,,,,,,,
,,,,,,,,,
,,,,,,,,,
,,,,,,,,,
,,,,,,,,,
,,,,,,,,,
,,,,,,,,,
,,,,,,,,,
,,,,,,,,,
,,,,,,,,,
,,,,,,,,,
,,,,,,,,,
,,,,,,,,,
